,false_positive_rate,true_positive_rate,thresholds
0,0.0,0.0,inf
1,0.00024277737314882253,0.0,0.10339340238584713
2,0.0009711094925952901,0.0,0.10333602317605586
3,0.0014566642388929353,0.0,0.10333031023476533
4,0.0016994416120417577,0.0,0.10332728640709259
5,0.0024277737314882253,0.0,0.10332407556050544
6,0.0029133284777858705,0.0,0.1033124076230229
7,0.0038844379703811605,0.0,0.1032915711767658
8,0.004127215343529983,0.0,0.10328741170914461
9,0.005341102209274096,0.0,0.1032853385706759
10,0.005826656955571741,0.0,0.10328438899223978
11,0.006069434328720563,0.0,0.10328309411644342
12,0.008011653313911144,0.0,0.10328117932512905
13,0.008982762806506433,0.0,0.10327650998102778
14,0.009468317552804079,0.0,0.1032729617505512
15,0.009953872299101723,0.0,0.10327235105005889
16,0.01043942704539937,0.0,0.10327012635949792
17,0.011896091284292304,0.0,0.10326726784901905
18,0.012867200776887595,0.0,0.10325922531818192
19,0.013838310269482883,0.0,0.10325799880802389
20,0.01432386501578053,0.0,0.10325790321090964
21,0.015052197135226996,0.0,0.1032533897499714
22,0.016508861374119933,0.08333333333333333,0.10324715918247873
23,0.016751638747268753,0.08333333333333333,0.1032465012028126
24,0.0172371934935664,0.08333333333333333,0.10324633747312843
25,0.017965525613012866,0.08333333333333333,0.10324245656574603
26,0.018693857732459334,0.08333333333333333,0.10324088520976797
27,0.01917941247875698,0.08333333333333333,0.10323986162831826
28,0.02015052197135227,0.08333333333333333,0.1032389093705329
29,0.020636076717649915,0.08333333333333333,0.10323833348059211
30,0.021849963583394028,0.08333333333333333,0.10323363121956887
31,0.023306627822286964,0.08333333333333333,0.10323069502700744
32,0.02379218256858461,0.08333333333333333,0.10322583461599975
33,0.024763292061179897,0.08333333333333333,0.1032235309050634
34,0.025491624180626365,0.08333333333333333,0.10321375550151632
35,0.02597717892692401,0.08333333333333333,0.1032106470022965
36,0.026705511046370478,0.08333333333333333,0.1032105194828269
37,0.027191065792668122,0.08333333333333333,0.10320847848855201
38,0.027676620538965767,0.08333333333333333,0.1032063035686303
39,0.029133284777858703,0.08333333333333333,0.10320429120451362
40,0.029376062151007527,0.08333333333333333,0.10320217581900225
41,0.030347171643602816,0.08333333333333333,0.10320156181616048
42,0.031075503763049284,0.08333333333333333,0.10319931897293219
43,0.03156105850934693,0.08333333333333333,0.10319862984848543
44,0.032289390628793394,0.08333333333333333,0.10319856833910598
45,0.033017722748239865,0.08333333333333333,0.1031980158643128
46,0.033017722748239865,0.16666666666666666,0.1031969301831353
47,0.03326050012138869,0.16666666666666666,0.10319632555344774
48,0.03423160961398398,0.16666666666666666,0.10319559624836278
49,0.0344743869871328,0.16666666666666666,0.10319546874534895
50,0.03520271910657927,0.16666666666666666,0.10319502247827711
51,0.03544549647972809,0.16666666666666666,0.10319277976081281
52,0.03593105122602573,0.16666666666666666,0.1031927395634706
53,0.03641660597232338,0.16666666666666666,0.1031899781062355
54,0.037144938091769844,0.16666666666666666,0.10318985179127499
55,0.03811604758436514,0.16666666666666666,0.10318620072028563
56,0.03860160233066278,0.16666666666666666,0.10318537173501181
57,0.03981548919640689,0.16666666666666666,0.10318041326561252
58,0.04127215343529983,0.16666666666666666,0.10317424167781761
59,0.041514930808448654,0.16666666666666666,0.10317249204714495
60,0.04345714979363923,0.16666666666666666,0.10316963592825101
61,0.0441854819130857,0.16666666666666666,0.10316664327071146
62,0.04515659140568099,0.16666666666666666,0.10316542149193984
63,0.045399368778829816,0.16666666666666666,0.10316402363522766
64,0.046370478271425104,0.16666666666666666,0.10316340983326136
65,0.046856033017722745,0.16666666666666666,0.10316283295213231
66,0.04734158776402039,0.16666666666666666,0.10316116772379802
67,0.04831269725661568,0.16666666666666666,0.10316041733554893
68,0.048555474629764506,0.16666666666666666,0.1031603062578938
69,0.049041029376062154,0.16666666666666666,0.1031592739427713
70,0.049526584122359794,0.16666666666666666,0.10315783266482717
71,0.05049769361495508,0.16666666666666666,0.1031561599546112
72,0.05074047098810391,0.16666666666666666,0.10315552505458288
73,0.051711580480699196,0.16666666666666666,0.10315459046686934
74,0.053411022092740956,0.16666666666666666,0.10314526200059901
75,0.054382131585336245,0.16666666666666666,0.10314210057477757
76,0.05486768633163389,0.16666666666666666,0.10314004673911795
77,0.05583879582422918,0.16666666666666666,0.10313816424492221
78,0.056567127943675646,0.16666666666666666,0.10313589267146146
79,0.057052682689973294,0.16666666666666666,0.10313453699563674
80,0.05729546006312212,0.16666666666666666,0.10313193983078285
81,0.05778101480941976,0.16666666666666666,0.1031317044655112
82,0.05826656955571741,0.16666666666666666,0.10312894508354713
83,0.058752124302015055,0.16666666666666666,0.10312383508350123
84,0.059237679048312696,0.16666666666666666,0.1031214617275195
85,0.05996601116775917,0.16666666666666666,0.10312036867187567
86,0.06045156591405681,0.16666666666666666,0.10311957927876031
87,0.061908230152949745,0.16666666666666666,0.10311704814316797
88,0.06215100752609857,0.16666666666666666,0.10311644893762431
89,0.06287933964554504,0.16666666666666666,0.10311643825864317
90,0.06312211701869386,0.16666666666666666,0.10311607162907156
91,0.06409322651128915,0.16666666666666666,0.10311377251635001
92,0.06530711337703327,0.16666666666666666,0.10311097574847182
93,0.0657926681233309,0.16666666666666666,0.10311096219356562
94,0.06627822286962855,0.16666666666666666,0.10311076101617346
95,0.06724933236222384,0.16666666666666666,0.10311022568334112
96,0.06773488710852149,0.16666666666666666,0.1031081075821682
97,0.06943432872056324,0.16666666666666666,0.10310003300466784
98,0.07040543821315853,0.16666666666666666,0.10309956616534369
99,0.071133770332605,0.16666666666666666,0.10309934431169954
100,0.07186210245205146,0.16666666666666666,0.10309647368641947
101,0.07259043457149794,0.16666666666666666,0.10309372104779498
102,0.07307598931779558,0.16666666666666666,0.1030932904652943
103,0.0733187666909444,0.16666666666666666,0.10309303130510877
104,0.07380432143724205,0.16666666666666666,0.10309256136951478
105,0.07453265355668852,0.16666666666666666,0.10308822048273288
106,0.07501820830298617,0.16666666666666666,0.10308661914047386
107,0.0755037630492838,0.16666666666666666,0.10308640496029141
108,0.0764748725418791,0.16666666666666666,0.10308633939118564
109,0.07696042728817674,0.16666666666666666,0.10308279196656212
110,0.07768875940762321,0.16666666666666666,0.10308264359737697
111,0.07841709152706967,0.16666666666666666,0.10308162212264772
112,0.07890264627336732,0.16666666666666666,0.10308143792280192
113,0.08011653313911143,0.16666666666666666,0.10307816634282325
114,0.08035931051226025,0.25,0.10307815696689138
115,0.08060208788540908,0.25,0.10307777016494842
116,0.08205875212430201,0.25,0.10307577662953792
117,0.08278708424374848,0.25,0.10307558768790008
118,0.08327263899004612,0.25,0.1030753296738676
119,0.08375819373634377,0.25,0.10307512650112366
120,0.08424374848264142,0.25,0.1030746952141524
121,0.08642874484098081,0.25,0.1030729228803005
122,0.0871570769604273,0.25,0.10307216854919216
123,0.08861374119932022,0.25,0.10307184149141436
124,0.08885651857246904,0.25,0.10307159862267826
125,0.08982762806506434,0.25,0.10307111626166121
126,0.0905559601845108,0.25,0.10307097474769858
127,0.09128429230395727,0.25,0.10307022896449591
128,0.09274095654285021,0.25,0.1030694422534273
129,0.09322651128914786,0.25,0.10306875389657187
130,0.09371206603544549,0.25,0.10306856752220686
131,0.09395484340859432,0.25,0.1030680014700755
132,0.09444039815489197,0.25,0.1030664521682165
133,0.09516873027433843,0.25,0.10306590031942324
134,0.09565428502063608,0.25,0.1030653226123946
135,0.09613983976693372,0.25,0.10306406774071607
136,0.09662539451323136,0.25,0.10306334641904404
137,0.0968681718863802,0.25,0.10306313268772446
138,0.09783928137897548,0.25,0.10306312356765146
139,0.09881039087157077,0.25,0.10306289311815735
140,0.09905316824471959,0.25,0.10306286766768255
141,0.09953872299101724,0.25,0.10306178080369309
142,0.10050983248361253,0.25,0.10305910027947365
143,0.101238164603059,0.25,0.1030580502867827
144,0.10172371934935664,0.25,0.10305736199726753
145,0.10245205146880311,0.25,0.10305717564113508
146,0.10269482884195193,0.25,0.10305667272466433
147,0.10342316096139839,0.25,0.10305655184342458
148,0.10366593833454722,0.25,0.1030565106678326
149,0.10415149308084487,0.25,0.10305607773789723
150,0.10487982520029134,0.25,0.10305605998680979
151,0.10609371206603545,0.25,0.10305366108291517
152,0.1065792668123331,0.25,0.10305342435436099
153,0.10730759893177956,0.25,0.10305338453999133
154,0.10827870842437484,0.25,0.10305337230071228
155,0.10852148579752367,0.25,0.10305283275312715
156,0.10900704054382132,0.25,0.10305265104529476
157,0.11046370478271425,0.25,0.10305151899752095
158,0.11143481427530955,0.25,0.10304953990585694
159,0.11192036902160718,0.25,0.1030480380061256
160,0.11216314639475601,0.25,0.10304786143468941
161,0.11337703326050012,0.25,0.1030478359875001
162,0.11410536537994659,0.25,0.10304541091275335
163,0.11483369749939305,0.25,0.10304516951417993
164,0.11507647487254188,0.25,0.10304500606708275
165,0.116290361738286,0.25,0.10304467884591854
166,0.11726147123088128,0.25,0.10304432015709947
167,0.11750424860403011,0.25,0.10304381015908659
168,0.11896091284292304,0.25,0.10304353051262377
169,0.11944646758922069,0.25,0.1030421800522346
170,0.12041757708181597,0.25,0.10304215307188616
171,0.12114590920126245,0.25,0.10303978602034848
172,0.12187424132070891,0.25,0.1030396586877267
173,0.1228453508133042,0.25,0.10303956321404753
174,0.1240592376790483,0.25,0.10303854139926098
175,0.1250303471716436,0.25,0.10303755321600087
176,0.12648701141053653,0.25,0.10303701588906888
177,0.1269725661568342,0.25,0.10303671035223559
178,0.12770089827628064,0.25,0.10303654789546754
179,0.12915756251517357,0.25,0.10303596992847945
180,0.12964311726147124,0.25,0.10303566086170177
181,0.13012867200776887,0.25,0.10303560547140553
182,0.13109978150036417,0.25,0.10303483735414942
183,0.13134255887351298,0.25,0.10303472021722343
184,0.13182811361981064,0.25,0.10303382243364968
185,0.1325564457392571,0.25,0.10303343402852924
186,0.13328477785870357,0.25,0.10303299281955194
187,0.13401310997815002,0.25,0.10303245743346738
188,0.1347414420975965,0.25,0.1030323217440613
189,0.1357125515901918,0.25,0.10303230805964902
190,0.13619810633648943,0.25,0.10303099117475699
191,0.1369264384559359,0.25,0.1030308332630831
192,0.13741199320223355,0.25,0.10303076377496431
193,0.13838310269482884,0.25,0.10303040304838189
194,0.13911143481427532,0.25,0.10303028158309693
195,0.13959698956057295,0.25,0.10302975097328776
196,0.14032532168001943,0.25,0.1030291974638166
197,0.1412964311726147,0.25,0.10302911100753746
198,0.14178198591891236,0.25,0.10302908817061329
199,0.14226754066521,0.25,0.10302878093915728
200,0.14299587278465647,0.25,0.10302777468294164
201,0.1442097596504006,0.25,0.10302729250345664
202,0.1444525370235494,0.25,0.10302721520881641
203,0.14493809176984704,0.25,0.10302715245568572
204,0.14566642388929352,0.25,0.10302547690332026
205,0.14615197863559115,0.25,0.10302536579882264
206,0.14639475600874,0.25,0.1030246921107318
207,0.14712308812818645,0.25,0.10302463712824034
208,0.14809419762078174,0.25,0.10302453859749743
209,0.14857975236707938,0.25,0.10302269804606469
210,0.14906530711337704,0.25,0.10302225538850776
211,0.14930808448652585,0.25,0.10302187643490404
212,0.15027919397912115,0.25,0.10302112222449954
213,0.15076474872541878,0.25,0.10302093260396054
214,0.15125030347171645,0.25,0.1030203018034124
215,0.1519786355911629,0.25,0.10302029877301169
216,0.15222141296431171,0.25,0.10302006741670815
217,0.15367807720320467,0.25,0.10301841877850315
218,0.1539208545763535,0.25,0.10301840614816926
219,0.1551347414420976,0.25,0.10301826981462317
220,0.15586307356154405,0.25,0.10301790362733808
221,0.1561058509346929,0.25,0.10301742967918866
222,0.15659140568099053,0.3333333333333333,0.10301695644903147
223,0.157319737800437,0.3333333333333333,0.10301528104344182
224,0.15829084729303228,0.3333333333333333,0.10301378136711775
225,0.15853362466618112,0.3333333333333333,0.10301338412278577
226,0.15926195678562757,0.3333333333333333,0.10301283252550104
227,0.15999028890507405,0.3333333333333333,0.10301174856873965
228,0.16047584365137169,0.3333333333333333,0.10301161007877957
229,0.1607186210245205,0.3333333333333333,0.10301143766758376
230,0.16120417577081816,0.3333333333333333,0.10301133901716393
231,0.16217528526341346,0.3333333333333333,0.10300965159028926
232,0.1626608400097111,0.3333333333333333,0.10300959525603709
233,0.1629036173828599,0.3333333333333333,0.10300939372234959
234,0.16338917212915757,0.4166666666666667,0.1030093926162109
235,0.1636319495023064,0.4166666666666667,0.10300929221232914
236,0.16436028162175284,0.4166666666666667,0.10300721242782353
237,0.1648458363680505,0.4166666666666667,0.10300654159991599
238,0.16557416848749695,0.4166666666666667,0.10300652507647598
239,0.16605972323379461,0.4166666666666667,0.10300601109832833
240,0.16678805535324107,0.4166666666666667,0.1030058525087983
241,0.16727361009953873,0.4166666666666667,0.10300583709156105
242,0.16800194221898518,0.4166666666666667,0.10300555753631725
243,0.16824471959213402,0.4166666666666667,0.10300552499509168
244,0.1692158290847293,0.4166666666666667,0.10300504126204338
245,0.16945860645787814,0.4166666666666667,0.10300480753411873
246,0.16994416120417577,0.4166666666666667,0.1030045852485875
247,0.1701869385773246,0.4166666666666667,0.10300377201681077
248,0.17115804806991988,0.4166666666666667,0.10300355312992097
249,0.1714008254430687,0.4166666666666667,0.10300353660690532
250,0.1733430444282593,0.4166666666666667,0.10300270550790294
251,0.17382859917455692,0.4166666666666667,0.10300229696689438
252,0.1743141539208546,0.4166666666666667,0.10300186430606009
253,0.17528526341344985,0.4166666666666667,0.10299989916182037
254,0.17577081815974752,0.4166666666666667,0.10299930766645878
255,0.1767419276523428,0.4166666666666667,0.10299747817600957
256,0.17722748239864045,0.4166666666666667,0.1029972853757666
257,0.17747025977178926,0.4166666666666667,0.10299719452758951
258,0.17844136926438456,0.4166666666666667,0.10299690780846214
259,0.17916970138383104,0.4166666666666667,0.10299621214515885
260,0.17965525613012867,0.4166666666666667,0.10299602409152638
261,0.1798980335032775,0.4166666666666667,0.1029958467687595
262,0.18038358824957515,0.4166666666666667,0.10299572533953594
263,0.18062636562272397,0.4166666666666667,0.10299547257652437
264,0.1811119203690216,0.4166666666666667,0.10299508047023247
265,0.18135469774217042,0.4166666666666667,0.10299452895970314
266,0.18184025248846808,0.4166666666666667,0.1029943524240413
267,0.183296916727361,0.4166666666666667,0.10299422514111774
268,0.1852391357125516,0.4166666666666667,0.10299366807380173
269,0.18548191308570042,0.4166666666666667,0.10299344517342714
270,0.18596746783199805,0.4166666666666667,0.10299273714731573
271,0.18693857732459335,0.4166666666666667,0.10299204203389101
272,0.18742413207089098,0.4166666666666667,0.1029915407982079
273,0.1886380189366351,0.4166666666666667,0.10299150067025307
274,0.18912357368293276,0.4166666666666667,0.10299100007058294
275,0.18936635105608157,0.4166666666666667,0.10299097720943025
276,0.1908230152949745,0.4166666666666667,0.102990626524554
277,0.19130857004127216,0.4166666666666667,0.10299015268748786
278,0.1917941247875698,0.4166666666666667,0.10298951904234604
279,0.19203690216071861,0.4166666666666667,0.10298851399899478
280,0.19349356639961154,0.4166666666666667,0.10298851258652961
281,0.19446467589220684,0.4166666666666667,0.1029879611071316
282,0.19470745326535566,0.4166666666666667,0.10298791139531903
283,0.19519300801165332,0.4166666666666667,0.10298746052269059
284,0.19543578538480214,0.4166666666666667,0.1029874487822569
285,0.19592134013109977,0.4166666666666667,0.10298743766223335
286,0.19689244962369506,0.4166666666666667,0.1029873226867427
287,0.19713522699684388,0.4166666666666667,0.10298693337337649
288,0.19786355911629036,0.4166666666666667,0.10298687738203265
289,0.198349113862588,0.4166666666666667,0.10298650523050748
290,0.19883466860888566,0.4166666666666667,0.10298637913601591
291,0.1995630007283321,0.4166666666666667,0.10298497452673328
292,0.2005341102209274,0.4166666666666667,0.10298404894346498
293,0.20101966496722506,0.4166666666666667,0.10298211750824543
294,0.20199077445982033,0.4166666666666667,0.1029816950077718
295,0.2027191065792668,0.4166666666666667,0.10297989890101668
296,0.2046613255644574,0.4166666666666667,0.10297981174348576
297,0.20538965768390385,0.4166666666666667,0.10297708092333675
298,0.20587521243020152,0.4166666666666667,0.10297629062228975
299,0.20636076717649915,0.4166666666666667,0.10297510622769798
300,0.20781743141539208,0.4166666666666667,0.10297189134704128
301,0.20854576353483856,0.4166666666666667,0.10297173969318675
302,0.20878854090798737,0.4166666666666667,0.10297099056357167
303,0.209274095654285,0.4166666666666667,0.10297079626883962
304,0.20951687302743385,0.4166666666666667,0.10297065968486209
305,0.21048798252002912,0.4166666666666667,0.10296981410929106
306,0.2112163146394756,0.4166666666666667,0.10296869431425353
307,0.21170186938577323,0.4166666666666667,0.10296855770855327
308,0.21267297887836853,0.4166666666666667,0.10296780871685729
309,0.2131585336246662,0.4166666666666667,0.10296748541597606
310,0.21461519786355912,0.4166666666666667,0.10296718681018681
311,0.21485797523670794,0.4166666666666667,0.10296712075577542
312,0.21534352998300557,0.4166666666666667,0.10296682658253374
313,0.21631463947560087,0.4166666666666667,0.10296517626049786
314,0.21680019422189853,0.4166666666666667,0.10296515189863933
315,0.21801408108764264,0.4166666666666667,0.10296422975595773
316,0.2189851905802379,0.4166666666666667,0.10296283431235284
317,0.22044185481913087,0.4166666666666667,0.102961879446394
318,0.2209274095654285,0.4166666666666667,0.1029617991150067
319,0.22165574168487498,0.4166666666666667,0.10296164568472958
320,0.2221412964311726,0.4166666666666667,0.10296131017835974
321,0.22238407380432143,0.4166666666666667,0.10296124237262573
322,0.22359796067006554,0.4166666666666667,0.10296092666773297
323,0.2240835154163632,0.4166666666666667,0.10296067845376645
324,0.22505462490895847,0.4166666666666667,0.1029606205010627
325,0.22651128914785143,0.4166666666666667,0.10295892055922862
326,0.22699684389414906,0.4166666666666667,0.10295803913421979
327,0.22796795338674436,0.4166666666666667,0.10295793936923657
328,0.22821073075989318,0.4166666666666667,0.10295713982834555
329,0.22918184025248847,0.4166666666666667,0.10295699605681562
330,0.22991017237193492,0.4166666666666667,0.10295626824893435
331,0.2306385044913814,0.4166666666666667,0.1029541474906453
332,0.23112405923767904,0.4166666666666667,0.10295413587396955
333,0.2328235008497208,0.4166666666666667,0.102953417428609
334,0.23306627822286963,0.4166666666666667,0.10295319259239717
335,0.23355183296916726,0.4166666666666667,0.10295307533090993
336,0.2337946103423161,0.4166666666666667,0.10295291699280057
337,0.23525127458120904,0.4166666666666667,0.10295170156052895
338,0.23549405195435785,0.4166666666666667,0.10295161370443427
339,0.2359796067006555,0.4166666666666667,0.10295156368546435
340,0.23646516144695315,0.4166666666666667,0.10295119339374557
341,0.23695071619325078,0.5,0.10295067044331832
342,0.2371934935663996,0.5,0.10295043173498325
343,0.2384073804321437,0.5,0.10295043032298042
344,0.2391357125515902,0.5,0.10294928596618269
345,0.23962126729788782,0.5,0.10294926781964568
346,0.24059237679048312,0.5,0.10294833607162754
347,0.24107793153678078,0.5,0.10294758031972814
348,0.24156348628307842,0.5,0.10294678048374438
349,0.2425345957756737,0.5,0.1029466270732791
350,0.24302015052197135,0.5,0.10294572599565915
351,0.243505705268269,0.5,0.10294471430322225
352,0.24399126001456664,0.5,0.10294410506658437
353,0.24447681476086427,0.5,0.10294339365569662
354,0.24496236950716194,0.5,0.1029430716425186
355,0.24617625637290605,0.5,0.10294157471040821
356,0.2469045884923525,0.5,0.10294129535663606
357,0.24739014323865016,0.5,0.10294094909859235
358,0.24860403010439427,0.5,0.1029383395811003
359,0.24933236222384073,0.5,0.1029371291512635
360,0.24957513959698957,0.5,0.10293703607797765
361,0.2500606943432872,0.5,0.10293638758162649
362,0.250303471716436,0.5,0.10293634739847728
363,0.25127458120903134,0.5,0.10293626244143586
364,0.251760135955329,0.5,0.10293548920024691
365,0.2522456907016266,0.5,0.10293508089524546
366,0.25297402282107306,0.5,0.10293431286527316
367,0.254430687059966,0.5,0.10293258326528908
368,0.2558873512988589,0.5,0.10293085515755518
369,0.25685846079145425,0.5,0.10293026488811144
370,0.25710123816460306,0.5,0.10292975384192526
371,0.25807234765719833,0.5,0.10292969787810131
372,0.25880067977664484,0.5,0.10292953724751176
373,0.2595290118960913,0.5,0.102929511343726
374,0.2597717892692401,0.5,0.10292933412233066
375,0.26050012138868656,0.5,0.10292881853150887
376,0.2617140082544307,0.5,0.10292775899888885
377,0.26219956300072833,0.5,0.10292774727316392
378,0.26244234037387715,0.5,0.10292711361761726
379,0.2629278951201748,0.5,0.10292691902766773
380,0.2631706724933236,0.5,0.10292668708243059
381,0.26462733673221656,0.5,0.10292658321104158
382,0.2651128914785142,0.5,0.10292622627859603
383,0.2658412235979607,0.5,0.10292597366657234
384,0.26632677834425833,0.5,0.10292571366420471
385,0.2670551104637048,0.5,0.10292518179919806
386,0.2675406652100024,0.5,0.10292490910657731
387,0.2682689973294489,0.5,0.10292397079117108
388,0.26875455207574656,0.5,0.10292335855624982
389,0.2689973294488954,0.5,0.10292272727015304
390,0.2697256615683418,0.5,0.10292272282705711
391,0.26996843894149064,0.5,0.1029226053015682
392,0.2704539936877883,0.5,0.10292200413293012
393,0.27069677106093715,0.5,0.10292187343813378
394,0.2716678805535324,0.5,0.10291982106630507
395,0.27215343529983005,0.5,0.10291907074094052
396,0.27312454479242537,0.5,0.10291901478225868
397,0.273610099538723,0.5,0.1029187657938223
398,0.27409565428502064,0.5,0.10291835179680688
399,0.2757950958970624,0.5,0.1029153417475746
400,0.27628065064336005,0.5,0.10291367071432461
401,0.2772517601359553,0.5,0.10291333955592535
402,0.2779800922554018,0.5,0.10291308815375914
403,0.2787084243748483,0.5,0.10291204037210577
404,0.2791939791211459,0.5,0.10291169300960086
405,0.27967953386744354,0.5,0.10291137559659243
406,0.2801650886137412,0.5,0.10291132559492935
407,0.28065064336003887,0.5,0.10291082093819305
408,0.2811361981063365,0.5,0.10291081751254347
409,0.28186453022578295,0.5,0.10290995096251894
410,0.2823500849720806,0.5,0.10290987800795084
411,0.2830784170915271,0.5,0.10290980237083176
412,0.2833211944646759,0.5,0.10290847587628696
413,0.28380674921097354,0.5,0.10290828269629049
414,0.2842923039572712,0.5,0.10290812850799792
415,0.2850206360767176,0.5,0.10290783492668462
416,0.2852634134498665,0.5,0.10290749951039031
417,0.28599174556931295,0.5,0.10290622047883514
418,0.2867200776887594,0.5,0.10290548069484431
419,0.28720563243505703,0.5,0.10290500425414327
420,0.2876911871813547,0.5,0.10290441071828364
421,0.28817674192765236,0.5,0.10290386955680278
422,0.2884195193008012,0.5,0.10290337088534277
423,0.28939062879339644,0.5,0.10290324354790081
424,0.2898761835396941,0.5,0.10290238271864742
425,0.2908472930322894,0.5,0.10290183640528347
426,0.2910900704054382,0.5,0.10290134007616505
427,0.29157562515173585,0.5,0.10290087380487699
428,0.2920611798980335,0.5,0.10290045399185782
429,0.2925467346443312,0.5,0.1029003305269131
430,0.29351784413692644,0.5,0.1029003291155186
431,0.29376062151007526,0.5,0.10290021352536086
432,0.2952172857489682,0.5,0.10289926968111898
433,0.29546006312211703,0.5,0.1028986568004706
434,0.29594561786841467,0.5,0.10289814801633429
435,0.2966739499878611,0.5,0.10289779319254669
436,0.29764505948045644,0.5,0.1028973469201063
437,0.29788783685360526,0.5,0.10289724602378597
438,0.29788783685360526,0.5833333333333334,0.10289718688673137
439,0.2981306142267541,0.5833333333333334,0.10289697246323805
440,0.2986161689730517,0.5833333333333334,0.10289668084874919
441,0.29934450109249816,0.5833333333333334,0.10289614471347633
442,0.29983005583879585,0.5833333333333334,0.10289610361542671
443,0.30128672007768875,0.5833333333333334,0.10289474950963075
444,0.3027433843165817,0.5833333333333334,0.10288983091270172
445,0.30517115804806993,0.5833333333333334,0.10288914182028387
446,0.306385044913814,0.5833333333333334,0.10288560537149383
447,0.3071133770332605,0.5833333333333334,0.10288546408301635
448,0.30759893177955816,0.5833333333333334,0.10288534964314244
449,0.3083272638990046,0.5833333333333334,0.1028847774262154
450,0.30881281864530225,0.5833333333333334,0.10288441344259441
451,0.30954115076474875,0.5833333333333334,0.10288413825767452
452,0.3100267055110464,0.5833333333333334,0.10288399014161759
453,0.31099781500364165,0.5833333333333334,0.10288394364161896
454,0.31124059237679047,0.5833333333333334,0.10288382878834752
455,0.3117261471230881,0.5833333333333334,0.10288374224828313
456,0.3126972566156834,0.5833333333333334,0.10288096573630338
457,0.31318281136198106,0.5833333333333334,0.10288061305310754
458,0.3134255887351299,0.5833333333333334,0.10288058718811487
459,0.3139111434814275,0.5833333333333334,0.10287924200398153
460,0.31415392085457633,0.5833333333333334,0.10287912502365788
461,0.31512503034717165,0.5833333333333334,0.10287648587017953
462,0.31633891721291574,0.5833333333333334,0.10287613549927484
463,0.31706724933236224,0.5833333333333334,0.1028752819013225
464,0.3177955814518087,0.5833333333333334,0.10287504834342007
465,0.3180383588249575,0.5833333333333334,0.10287503058146413
466,0.31876669094440396,0.5833333333333334,0.10287449740191638
467,0.31949502306385047,0.5833333333333334,0.10287250310856325
468,0.3199805778101481,0.5833333333333334,0.10287148276046147
469,0.3211944646758922,0.5833333333333334,0.10287081132046144
470,0.3221655741684875,0.5833333333333334,0.10286776704213578
471,0.32289390628793396,0.5833333333333334,0.1028676119674088
472,0.3233794610342316,0.5833333333333334,0.10286669870809532
473,0.3236222384073804,0.5833333333333334,0.10286648195136035
474,0.3241077931536781,0.5833333333333334,0.10286602612405503
475,0.32459334789997574,0.5833333333333334,0.10286553927942034
476,0.3253216800194222,0.5833333333333334,0.10286525855023966
477,0.32677834425831515,0.5833333333333334,0.10286214735468029
478,0.3275066763777616,0.5833333333333334,0.10286211755437653
479,0.3277494537509104,0.5833333333333334,0.10286189490137974
480,0.32823500849720805,0.5833333333333334,0.10286185760214676
481,0.3294488953629522,0.5833333333333334,0.10286011016451732
482,0.33017722748239864,0.5833333333333334,0.1028601087536112
483,0.33042000485554746,0.5833333333333334,0.10285986244432281
484,0.3309055596018451,0.5833333333333334,0.10285947423205687
485,0.3328477785870357,0.5833333333333334,0.10285505706622915
486,0.33357611070648213,0.5833333333333334,0.10285492261870341
487,0.3340616654527798,0.5833333333333334,0.10285470383049858
488,0.3355183296916727,0.5833333333333334,0.10285367539581537
489,0.33648943918426805,0.5833333333333334,0.10285268644486803
490,0.3369749939305657,0.5833333333333334,0.10285197154377963
491,0.3374605486768633,0.5833333333333334,0.10285026438875716
492,0.3394027676620539,0.5833333333333334,0.10284873947742991
493,0.33988832240835154,0.5833333333333334,0.10284719656054296
494,0.34013109978150036,0.5833333333333334,0.10284718346388337
495,0.340616654527798,0.5833333333333334,0.10284687267120836
496,0.3413449866472445,0.5833333333333334,0.10284612660037315
497,0.3415877640203933,0.5833333333333334,0.10284607539514323
498,0.34231609613983977,0.5833333333333334,0.10284607479806983
499,0.3430444282592862,0.5833333333333334,0.10284447109172971
500,0.3435299830055839,0.5833333333333334,0.10284442638084232
501,0.34425831512503036,0.5833333333333334,0.1028433375087176
502,0.344743869871328,0.5833333333333334,0.10284125565806397
503,0.3452294246176256,0.5833333333333334,0.10284120568656452
504,0.34547220199077444,0.5833333333333334,0.10284046594847794
505,0.34620053411022095,0.5833333333333334,0.10284043023340146
506,0.3471716436028162,0.5833333333333334,0.10283924384190654
507,0.3481427530954115,0.5833333333333334,0.10283855310791819
508,0.3486283078417092,0.5833333333333334,0.1028378650117653
509,0.3500849720806021,0.5833333333333334,0.10283647642146729
510,0.3503277494537509,0.5833333333333334,0.10283576909368254
511,0.3508133042000486,0.5833333333333334,0.10283522447746331
512,0.35154163631949503,0.5833333333333334,0.10283482677228131
513,0.35178441369264385,0.5833333333333334,0.10283463787182655
514,0.3527555231852391,0.5833333333333334,0.1028345436271305
515,0.3534838553046856,0.5833333333333334,0.1028338896042298
516,0.35396941005098326,0.5833333333333334,0.10283387108099613
517,0.3542121874241321,0.5833333333333334,0.10283375627721522
518,0.35518329691672734,0.5833333333333334,0.10283280137983818
519,0.35566885166302503,0.5833333333333334,0.10283103474756386
520,0.35761107064821557,0.5833333333333334,0.10283005289133793
521,0.3578538480213644,0.5833333333333334,0.10283003154342915
522,0.3583394027676621,0.5833333333333334,0.10282911061631281
523,0.3590677348871085,0.5833333333333334,0.102828267936302
524,0.35955328963340616,0.5833333333333334,0.10282784353807428
525,0.3600388443797038,0.5833333333333334,0.10282768144776706
526,0.3602816217528526,0.5833333333333334,0.10282762437582801
527,0.3610099538722991,0.5833333333333334,0.10282750006707476
528,0.36125273124544793,0.5833333333333334,0.10282730970441131
529,0.3622238407380432,0.5833333333333334,0.10282690177932909
530,0.36270939548434084,0.5833333333333334,0.10282644638722327
531,0.3631949502306385,0.5833333333333334,0.10282622784930814
532,0.3644088370963826,0.5833333333333334,0.10282354042843912
533,0.36537994658897793,0.5833333333333334,0.1028235338959421
534,0.36562272396212675,0.5833333333333334,0.1028231746468176
535,0.3663510560815732,0.5833333333333334,0.10282255210312796
536,0.36683661082787083,0.5833333333333334,0.10282045939790811
537,0.36732216557416847,0.5833333333333334,0.10281999944373604
538,0.368050497693615,0.5833333333333334,0.1028198880244905
539,0.3687788298130614,0.5833333333333334,0.10281936063150332
540,0.36926438455935906,0.5833333333333334,0.10281883797696616
541,0.3697499393056567,0.5833333333333334,0.10281746824990899
542,0.3702354940519544,0.5833333333333334,0.10281633668170415
543,0.370721048798252,0.5833333333333334,0.10281618756786132
544,0.37144938091769847,0.5833333333333334,0.10281590025615055
545,0.3716921582908473,0.5833333333333334,0.10281561829182428
546,0.37242049041029374,0.5833333333333334,0.10281539451796269
547,0.37339159990288906,0.5833333333333334,0.10281471797065478
548,0.3743627093954843,0.5833333333333334,0.10281427201722239
549,0.37460548676863314,0.5833333333333334,0.10281371146866763
550,0.37533381888807965,0.5833333333333334,0.10281363898019959
551,0.37557659626122847,0.5833333333333334,0.10281324554526623
552,0.3760621510075261,0.5833333333333334,0.10281233322320465
553,0.37679048312697255,0.5833333333333334,0.10281225674162496
554,0.3782471473658655,0.5833333333333334,0.10280966457440542
555,0.37873270211216314,0.5833333333333334,0.10280934248897979
556,0.3794610342316096,0.5833333333333334,0.1028092876430586
557,0.3797038116047584,0.5833333333333334,0.10280887541094347
558,0.3801893663510561,0.5833333333333334,0.10280883677935239
559,0.38116047584365137,0.5833333333333334,0.10280868767514023
560,0.38213158533624664,0.5833333333333334,0.10280705234768117
561,0.3826171400825443,0.5833333333333334,0.10280651836742437
562,0.38310269482884196,0.5833333333333334,0.10280450858621519
563,0.3835882495751396,0.5833333333333334,0.10280413818066543
564,0.3838310269482884,0.5833333333333334,0.10280380145311536
565,0.38455935906773486,0.5833333333333334,0.10280240662107759
566,0.38528769118718137,0.5833333333333334,0.10280117264182768
567,0.385773245933479,0.5833333333333334,0.10280103368389881
568,0.38650157805292545,0.5833333333333334,0.10280020634120288
569,0.38674435542607427,0.6666666666666666,0.10279956098263363
570,0.38722991017237196,0.6666666666666666,0.10279955641639951
571,0.3874726875455208,0.6666666666666666,0.1027994365148488
572,0.3879582422918184,0.6666666666666666,0.10279900229160778
573,0.38820101966496723,0.6666666666666666,0.10279830782022945
574,0.38868657441126486,0.6666666666666666,0.10279751843081934
575,0.3889293517844137,0.6666666666666666,0.10279704282077734
576,0.3896576839038602,0.6666666666666666,0.10279652581473633
577,0.3901432386501578,0.6666666666666666,0.10279638395248857
578,0.39062879339645545,0.6666666666666666,0.10279630236037518
579,0.3911143481427531,0.6666666666666666,0.10279584961594354
580,0.39232823500849723,0.6666666666666666,0.10279437932734554
581,0.3930565671279437,0.6666666666666666,0.10279394783944193
582,0.3935421218742413,0.6666666666666666,0.10279311308265987
583,0.39402767662053895,0.6666666666666666,0.10279300404193605
584,0.39475600873998545,0.6666666666666666,0.10279300272854507
585,0.39499878611313427,0.6666666666666666,0.10279279162608569
586,0.39596989560572954,0.6666666666666666,0.10279230526017513
587,0.3971837824714737,0.6666666666666666,0.10279130287134032
588,0.3976693372177713,0.6666666666666666,0.10279093084314748
589,0.3988832240835154,0.6666666666666666,0.10279026801087643
590,0.3998543335761107,0.6666666666666666,0.10279001974388972
591,0.40009711094925954,0.6666666666666666,0.10278975218396615
592,0.400825443068706,0.6666666666666666,0.10278961101203776
593,0.4013109978150036,0.6666666666666666,0.10278932229344101
594,0.40203932993445013,0.6666666666666666,0.10278929137648865
595,0.4030104394270454,0.6666666666666666,0.10278787457605025
596,0.40349599417334303,0.6666666666666666,0.10278727137527956
597,0.40373877154649185,0.6666666666666666,0.10278705646606445
598,0.40422432629278954,0.6666666666666666,0.10278700447230177
599,0.40592376790483126,0.6666666666666666,0.10278490487748046
600,0.4064093226511289,0.6666666666666666,0.10278401640967125
601,0.40810876426317066,0.6666666666666666,0.10278398158540575
602,0.40980820587521244,0.6666666666666666,0.10278137673057129
603,0.4102937606215101,0.6666666666666666,0.10277989592483648
604,0.4107793153678077,0.6666666666666666,0.10277858576252137
605,0.41126487011410534,0.6666666666666666,0.10277851756051455
606,0.4115076474872542,0.6666666666666666,0.10277797656139595
607,0.41199320223355185,0.6666666666666666,0.10277778522429776
608,0.4129643117261471,0.6666666666666666,0.10277609972770443
609,0.41344986647244475,0.6666666666666666,0.10277570424969695
610,0.41393542121874244,0.6666666666666666,0.10277449732621456
611,0.4144209759650401,0.6666666666666666,0.10277443568405945
612,0.4149065307113377,0.6666666666666666,0.10277413263610914
613,0.415877640203933,0.6666666666666666,0.1027739797357291
614,0.41636319495023066,0.6666666666666666,0.10277351703972704
615,0.4170915270696771,0.6666666666666666,0.10277305532201293
616,0.41757708181597475,0.6666666666666666,0.10277265237554645
617,0.4183054139354212,0.6666666666666666,0.10277219730841884
618,0.4192765234280165,0.6666666666666666,0.10277203010270475
619,0.41951930080116534,0.6666666666666666,0.10277195218459535
620,0.4202476329206118,0.6666666666666666,0.10277158932177896
621,0.4204904102937606,0.6666666666666666,0.10277098048794353
622,0.42097596504005824,0.6666666666666666,0.10277097900037804
623,0.42170429715950475,0.6666666666666666,0.10276895264817337
624,0.4221898519058024,0.6666666666666666,0.10276825391450543
625,0.4226754066521,0.6666666666666666,0.10276766395942777
626,0.42364651614469534,0.6666666666666666,0.10276748022175564
627,0.424132070890993,0.6666666666666666,0.10276724376635897
628,0.4246176256372906,0.6666666666666666,0.10276663545968773
629,0.4258315125030347,0.6666666666666666,0.10276515037725754
630,0.4263170672493324,0.6666666666666666,0.10276505694396589
631,0.42728817674192765,0.6666666666666666,0.10276331412233185
632,0.4277737314882253,0.6666666666666666,0.10276307258787777
633,0.4304442825928623,0.6666666666666666,0.1027589005663224
634,0.4323865015780529,0.6666666666666666,0.10275880480600778
635,0.43360038844379706,0.6666666666666666,0.10275879658547682
636,0.4345714979363923,0.6666666666666666,0.10275837502439715
637,0.4352998300558388,0.6666666666666666,0.10275816690363021
638,0.437727603787327,0.6666666666666666,0.10275484107833631
639,0.4382131585336247,0.6666666666666666,0.1027545523432487
640,0.4384559359067735,0.6666666666666666,0.10275409675582967
641,0.43894149065307114,0.6666666666666666,0.10275332057130368
642,0.43918426802621996,0.6666666666666666,0.10275252047650209
643,0.4399126001456664,0.6666666666666666,0.10275234601831659
644,0.44112648701141055,0.6666666666666666,0.1027522502634106
645,0.4416120417577082,0.6666666666666666,0.10275183178906797
646,0.44282592862345227,0.6666666666666666,0.10275086006605208
647,0.44331148336974996,0.6666666666666666,0.1027507229765832
648,0.4435542607428988,0.6666666666666666,0.10275057122387478
649,0.4440398154891964,0.6666666666666666,0.10274982944234229
650,0.4450109249817917,0.6666666666666666,0.1027481374156405
651,0.445982034474387,0.6666666666666666,0.10274751918987189
652,0.4462248118475358,0.6666666666666666,0.10274680540019715
653,0.4471959213401311,0.6666666666666666,0.10274653191895382
654,0.4484098082058752,0.6666666666666666,0.10274230810246703
655,0.44889536295217286,0.6666666666666666,0.1027419595423496
656,0.4503520271910658,0.6666666666666666,0.10274158347555573
657,0.45059480456421463,0.6666666666666666,0.10274111734092287
658,0.45302257829570286,0.6666666666666666,0.10273919861872953
659,0.45423646516144695,0.6666666666666666,0.1027371446341592
660,0.4547220199077446,0.6666666666666666,0.10273649793816657
661,0.4573925710123816,0.6666666666666666,0.10273380310409613
662,0.4581209031318281,0.6666666666666666,0.10273347636655113
663,0.4588492352512746,0.6666666666666666,0.10273246064908835
664,0.45957756737072103,0.6666666666666666,0.10273203800183817
665,0.4600631221170187,0.6666666666666666,0.10273161082672934
666,0.4612770089827628,0.6666666666666666,0.10273042068675349
667,0.46176256372906044,0.6666666666666666,0.10273017772038068
668,0.46200534110220925,0.6666666666666666,0.10272994465551784
669,0.46273367322165576,0.6666666666666666,0.10272807004886132
670,0.4634620053411022,0.6666666666666666,0.1027268521591188
671,0.4644331148336975,0.6666666666666666,0.10272633339290596
672,0.46491866957999517,0.6666666666666666,0.10272590759448352
673,0.46588977907259044,0.6666666666666666,0.10272538532896454
674,0.46637533381888807,0.6666666666666666,0.10272517785299327
675,0.4675892206846322,0.6666666666666666,0.102723996371376
676,0.4690458849235251,0.6666666666666666,0.10272362479472676
677,0.46953143966982275,0.6666666666666666,0.10272351009993258
678,0.47025977178926925,0.6666666666666666,0.1027231744574527
679,0.47050254916241807,0.6666666666666666,0.10272292633396223
680,0.4709881039087157,0.6666666666666666,0.10272287013886021
681,0.471959213401311,0.6666666666666666,0.10272195018669891
682,0.47220199077445985,0.6666666666666666,0.10272129258418697
683,0.4726875455207575,0.6666666666666666,0.10272125657190061
684,0.47365865501335275,0.6666666666666666,0.10272055769920617
685,0.4741442097596504,0.6666666666666666,0.10272018257647546
686,0.4763292061179898,0.6666666666666666,0.10271679309224173
687,0.4773003156105851,0.6666666666666666,0.10271629452884595
688,0.4782714251031804,0.6666666666666666,0.10271561920964029
689,0.478756979849478,0.6666666666666666,0.10271497500623075
690,0.47924253459577565,0.6666666666666666,0.10271453823889468
691,0.47997086671522216,0.6666666666666666,0.10271446581234339
692,0.4804564214615198,0.6666666666666666,0.10271424570058288
693,0.48142753095411506,0.6666666666666666,0.10271379882107655
694,0.4823986404467104,0.6666666666666666,0.10271304692447544
695,0.482884195193008,0.6666666666666666,0.10271263821352389
696,0.4840980820587521,0.6666666666666666,0.10271233215597395
697,0.4845836368050498,0.6666666666666666,0.10271183791567087
698,0.4850691915513474,0.6666666666666666,0.1027112861842436
699,0.4857975236707939,0.6666666666666666,0.10271059222919454
700,0.4865258557902403,0.6666666666666666,0.1027102677090715
701,0.4867686331633892,0.6666666666666666,0.10271023585387189
702,0.48773974265598447,0.6666666666666666,0.10270892123560453
703,0.48895362952172855,0.6666666666666666,0.10270766058929931
704,0.4899247390143239,0.6666666666666666,0.1027062659512497
705,0.4901675163874727,0.6666666666666666,0.10270443806261811
706,0.49113862588006796,0.6666666666666666,0.10270412137505773
707,0.4913814032532168,0.6666666666666666,0.10270391556195838
708,0.4921097353726633,0.6666666666666666,0.10270352019339288
709,0.4925952901189609,0.6666666666666666,0.102703243047591
710,0.49332362223840737,0.6666666666666666,0.10270250455573454
711,0.4940519543578539,0.6666666666666666,0.10270222418611769
712,0.4945375091041515,0.6666666666666666,0.10270158877495114
713,0.49502306385044914,0.6666666666666666,0.10270128038857948
714,0.4955086185967468,0.6666666666666666,0.1027010998438564
715,0.4962369507161932,0.6666666666666666,0.10270039843131827
716,0.49745083758193737,0.6666666666666666,0.10269745859106498
717,0.4989075018208303,0.6666666666666666,0.10269669164339419
718,0.5018208302986161,0.6666666666666666,0.10269377593017201
719,0.5023063850449138,0.6666666666666666,0.10269332506663437
720,0.5030347171643603,0.6666666666666666,0.10269216404046777
721,0.503520271910658,0.6666666666666666,0.10269167745096054
722,0.5059480456421461,0.6666666666666666,0.10268945949671976
723,0.5064336003884438,0.6666666666666666,0.10268908629533442
724,0.5074047098810391,0.6666666666666666,0.10268878910879156
725,0.5078902646273368,0.6666666666666666,0.10268827955188224
726,0.5081330420004856,0.6666666666666666,0.10268744154316668
727,0.5091041514930809,0.6666666666666666,0.10268659302118459
728,0.5103180383588249,0.6666666666666666,0.10268512670010052
729,0.5112891478514202,0.6666666666666666,0.1026830369439967
730,0.511531925224569,0.6666666666666666,0.10268295968375671
731,0.5120174799708667,0.6666666666666666,0.10268288588022251
732,0.5125030347171644,0.6666666666666666,0.10268214088750754
733,0.512988589463462,0.6666666666666666,0.10268183154058848
734,0.5144452537023549,0.6666666666666666,0.10267794313739663
735,0.5149308084486526,0.6666666666666666,0.10267761277539621
736,0.5151735858218014,0.75,0.102677589159336
737,0.517115804806992,0.75,0.10267410289048776
738,0.5176013595532897,0.75,0.10267359451505023
739,0.5183296916727361,0.75,0.10267242154081402
740,0.5188152464190338,0.75,0.10267168279679438
741,0.5200291332847778,0.75,0.1026706120835301
742,0.5210002427773731,0.75,0.10266981765174847
743,0.5236707938820102,0.75,0.10266577922865473
744,0.5241563486283078,0.75,0.10266548721434444
745,0.5248846807477543,0.75,0.1026651623649682
746,0.5253702354940519,0.75,0.10266509742900025
747,0.5256130128672007,0.75,0.10266506286160934
748,0.5260985676134984,0.75,0.10266493093503251
749,0.5268268997329449,0.75,0.10266412017385736
750,0.5275552318523914,0.75,0.10266350758230791
751,0.528040786598689,0.75,0.10266329359004338
752,0.5287691187181355,0.75,0.10266310385484288
753,0.5302257829570284,0.75,0.102663048019407
754,0.5314396698227725,0.75,0.10265959855059094
755,0.5324107793153678,0.75,0.10265958005982896
756,0.5331391114348143,0.75,0.1026587483655834
757,0.5338674435542607,0.75,0.10265865765878511
758,0.534838553046856,0.75,0.10265792109374809
759,0.5355668851663025,0.75,0.10265763918901522
760,0.5360524399126001,0.75,0.10265734764698088
761,0.5365379946588978,0.75,0.10265705072370794
762,0.5382374362709396,0.75,0.10265561168283877
763,0.5392085457635348,0.75,0.10265517026489297
764,0.5399368778829813,0.75,0.10265335885315846
765,0.5404224326292789,0.75,0.10265314332142157
766,0.5411507647487254,0.75,0.10265210877330698
767,0.5418790968681719,0.75,0.10265203479191054
768,0.5423646516144696,0.75,0.10265201573315313
769,0.5426074289876184,0.75,0.10265174052567932
770,0.543092983733916,0.75,0.10265142643688178
771,0.5445496479728089,0.75,0.10264887972082305
772,0.5455207574654042,0.75,0.10264862157643667
773,0.545763534838553,0.75,0.10264851355779542
774,0.5462490895848507,0.75,0.10264807323246589
775,0.5467346443311484,0.75,0.1026462813580693
776,0.5477057538237436,0.75,0.10264554210757276
777,0.5479485311968925,0.75,0.10264548628059562
778,0.5489196406894877,0.75,0.10264461746181265
779,0.5496479728089342,0.75,0.10264432223023015
780,0.5501335275552318,0.75,0.10264074503374224
781,0.5508618596746783,0.75,0.10264013228770676
782,0.5515901917941248,0.75,0.10263926975514835
783,0.5520757465404225,0.75,0.1026387409286375
784,0.5525613012867201,0.75,0.10263852828560746
785,0.5535324107793154,0.75,0.10263777415464935
786,0.5542607428987618,0.75,0.1026359757213339
787,0.5549890750182083,0.75,0.10263585277425603
788,0.5552318523913571,0.75,0.1026355002052163
789,0.5562029618839525,0.75,0.10263525046657183
790,0.5571740713765477,0.75,0.10263358444884735
791,0.5591162903617383,0.75,0.10263097227820026
792,0.5596018451080359,0.75,0.10263090542606039
793,0.5605729546006312,0.75,0.10263014372668079
794,0.5610585093469289,0.75,0.10263003359454267
795,0.5627579509589706,0.75,0.10262731286894415
796,0.5639718378247147,0.75,0.10262723480619548
797,0.5647001699441612,0.75,0.10262629467457915
798,0.5654285020636076,0.75,0.10262619258599083
799,0.5659140568099054,0.75,0.10262587947857846
800,0.566399611556203,0.75,0.10262578182645588
801,0.5668851663025006,0.75,0.10262532264353369
802,0.5676134984219471,0.75,0.10262524511393024
803,0.5683418305413935,0.75,0.10262462618276504
804,0.5693129400339888,0.75,0.10262452852210896
805,0.5712551590191794,0.75,0.10262417327615851
806,0.5722262685117747,0.75,0.10262340493314791
807,0.5727118232580724,0.75,0.1026228334945315
808,0.57319737800437,0.75,0.10262076575436568
809,0.5741684874969653,0.75,0.10262008360245438
810,0.5744112648701141,0.75,0.10262006939611112
811,0.5751395969895605,0.75,0.10261929665280581
812,0.5756251517358583,0.75,0.10261886684652523
813,0.5763534838553047,0.75,0.10261776530519738
814,0.5768390386016023,0.75,0.10261769293907919
815,0.5778101480941976,0.75,0.10261592816199513
816,0.5785384802136441,0.75,0.10261588612367115
817,0.579995144452537,0.75,0.10261404064082506
818,0.5804806991988347,0.75,0.10261305479073292
819,0.5807234765719835,0.75,0.10261282489347064
820,0.5812090313182812,0.75,0.10261274999114527
821,0.5816945860645788,0.75,0.10261198049432636
822,0.5824229181840253,0.75,0.10261145260178284
823,0.584122359796067,0.75,0.10260782715237592
824,0.5850934692886623,0.75,0.10260742000705579
825,0.5863073561544064,0.75,0.10260538007527173
826,0.5867929109007041,0.75,0.10260535413557671
827,0.5870356882738529,0.75,0.1026048489268581
828,0.5880067977664482,0.75,0.1026036372961574
829,0.588249575139597,0.75,0.10260206256695889
830,0.5887351298858946,0.75,0.10260170749697334
831,0.5889779072590434,0.75,0.10260048856752906
832,0.589463462005341,0.75,0.10259993360132023
833,0.5897062393784899,0.75,0.10259803503488832
834,0.5901917941247876,0.75,0.10259714912522425
835,0.5906773488710853,0.75,0.10259691306021551
836,0.5911629036173829,0.75,0.10259676987164619
837,0.5916484583636805,0.75,0.10259656983378697
838,0.5921340131099782,0.75,0.10259656060964603
839,0.5928623452294246,0.75,0.10259648730700409
840,0.5933478999757222,0.75,0.10259632670986946
841,0.5938334547220199,0.75,0.10259463050598083
842,0.5943190094683175,0.75,0.1025943564901329
843,0.5948045642146153,0.75,0.10259390935956018
844,0.5957756737072105,0.75,0.10259382841580388
845,0.5962612284535082,0.75,0.10259346166454951
846,0.5967467831998058,0.75,0.10259316749613615
847,0.5972323379461034,0.75,0.10259256450071766
848,0.597717892692401,0.75,0.10259220211878017
849,0.5982034474386987,0.75,0.10259193253102178
850,0.599174556931294,0.75,0.10259092447813035
851,0.5996601116775917,0.75,0.10259081048539022
852,0.5999028890507405,0.75,0.10259077833008928
853,0.6008739985433358,0.75,0.10258984297382923
854,0.6023306627822287,0.75,0.10258745851402024
855,0.6030589949016751,0.75,0.10258719995897214
856,0.6037873270211216,0.75,0.10258593010357461
857,0.604758436513717,0.75,0.10258583785933624
858,0.6050012138868658,0.75,0.10258569832485478
859,0.6054867686331634,0.75,0.10258514163589628
860,0.607428987618354,0.75,0.10258067317616242
861,0.6079145423646516,0.75,0.10258058730602951
862,0.610099538722991,0.75,0.1025771504867752
863,0.6105850934692887,0.75,0.10257679342562008
864,0.6113134255887351,0.75,0.10257342337182708
865,0.6117989803350328,0.75,0.10257308203523252
866,0.6122845350813304,0.75,0.10257156110553116
867,0.6132556445739257,0.75,0.10257133432306612
868,0.6137411993202233,0.75,0.10256998371825399
869,0.614226754066521,0.75,0.1025696497118078
870,0.615683418305414,0.75,0.10256486803308489
871,0.6171400825443069,0.75,0.10256361036054522
872,0.6178684146637533,0.75,0.1025621815477186
873,0.6193250789026463,0.75,0.10256076288714952
874,0.619810633648944,0.75,0.10256044730568611
875,0.6200534110220928,0.75,0.10255996672365565
876,0.6207817431415392,0.75,0.1025595072187554
877,0.6215100752609857,0.75,0.1025586929948118
878,0.6219956300072833,0.75,0.10255835416924751
879,0.6224811847535809,0.8333333333333334,0.10255832444689471
880,0.6232095168730274,0.8333333333333334,0.10255702419000876
881,0.623695071619325,0.8333333333333334,0.10255613297887486
882,0.623937848992474,0.8333333333333334,0.10255613248168208
883,0.6249089584850692,0.8333333333333334,0.10255591383234915
884,0.6258800679776645,0.8333333333333334,0.10255307283033643
885,0.6263656227239621,0.8333333333333334,0.10255296393549897
886,0.6268511774702598,0.8333333333333334,0.10255171315079875
887,0.6283078417091527,0.8333333333333334,0.10255075112819158
888,0.6287933964554504,0.8333333333333334,0.10255030551747624
889,0.629278951201748,0.8333333333333334,0.10254999995925992
890,0.6295217285748969,0.8333333333333334,0.10254958938913046
891,0.6304928380674921,0.8333333333333334,0.10254882674958929
892,0.6307356154406409,0.8333333333333334,0.10254879355865903
893,0.6312211701869386,0.8333333333333334,0.10254853536575709
894,0.6321922796795338,0.8333333333333334,0.10254720780986913
895,0.6326778344258315,0.8333333333333334,0.10254662551292293
896,0.6329206117989803,0.8333333333333334,0.10254659646992857
897,0.6334061665452779,0.8333333333333334,0.10254645874358553
898,0.6346200534110221,0.8333333333333334,0.10254453760338607
899,0.6351056081573198,0.8333333333333334,0.1025438010007738
900,0.636076717649915,0.8333333333333334,0.10254138108978075
901,0.6365622723962127,0.8333333333333334,0.10254122703703383
902,0.6382617140082544,0.8333333333333334,0.10254110285237208
903,0.6389900461277009,0.8333333333333334,0.1025401612677137
904,0.6394756008739986,0.8333333333333334,0.10254001314893509
905,0.640203932993445,0.8333333333333334,0.10253613219937006
906,0.6409322651128915,0.8333333333333334,0.10253541887611112
907,0.6419033746054867,0.8333333333333334,0.10253437256434265
908,0.6421461519786356,0.8333333333333334,0.10253379201355663
909,0.6426317067249332,0.8333333333333334,0.10253320997323516
910,0.6436028162175286,0.8333333333333334,0.10253209464254714
911,0.644331148336975,0.8333333333333334,0.10253181077181182
912,0.6450594804564215,0.8333333333333334,0.1025305347269185
913,0.6455450352027191,0.8333333333333334,0.10252951398105509
914,0.6457878125758679,0.8333333333333334,0.1025294372294851
915,0.6472444768147608,0.8333333333333334,0.10252918053044385
916,0.6477300315610585,0.8333333333333334,0.10252807502136706
917,0.648458363680505,0.8333333333333334,0.10252783070147249
918,0.6489439184268027,0.8333333333333334,0.10252771620031002
919,0.6499150279193979,0.8333333333333334,0.10252702635044626
920,0.6504005826656956,0.8333333333333334,0.10252701789460367
921,0.6506433600388444,0.8333333333333334,0.10252695062924534
922,0.6516144695314396,0.8333333333333334,0.10252641793758557
923,0.6518572469045885,0.8333333333333334,0.10252634366122672
924,0.6525855790240349,0.8333333333333334,0.10252631036609185
925,0.6530711337703327,0.8333333333333334,0.1025261370885577
926,0.6535566885166303,0.8333333333333334,0.10252576867631341
927,0.6542850206360767,0.8333333333333334,0.10252548632732093
928,0.655256130128672,0.8333333333333334,0.10252417245496336
929,0.6557416848749696,0.8333333333333334,0.10252325589870351
930,0.6559844622481185,0.8333333333333334,0.10252309521457556
931,0.6564700169944161,0.8333333333333334,0.10252253090716114
932,0.6581694586064579,0.8333333333333334,0.10252025550347268
933,0.6586550133527556,0.8333333333333334,0.10252021302765724
934,0.6596261228453508,0.8333333333333334,0.10251999509113961
935,0.6605972323379461,0.8333333333333334,0.10251919551600604
936,0.6610827870842437,0.8333333333333334,0.10251886249516703
937,0.6618111192036902,0.8333333333333334,0.10251752728047774
938,0.6622966739499878,0.8333333333333334,0.10251727351596533
939,0.6627822286962856,0.8333333333333334,0.10251620538587958
940,0.663510560815732,0.8333333333333334,0.10251577493221609
941,0.6642388929351785,0.8333333333333334,0.1025140529971277
942,0.6652100024277737,0.8333333333333334,0.10251380371940857
943,0.6654527798009225,0.8333333333333334,0.10251370079869039
944,0.666181111920369,0.8333333333333334,0.10251367196499722
945,0.6666666666666666,0.8333333333333334,0.1025134109537611
946,0.6673949987861131,0.8333333333333334,0.1025116036602367
947,0.6681233309055596,0.8333333333333334,0.1025098023105885
948,0.6686088856518573,0.8333333333333334,0.10250874021403633
949,0.6688516630250061,0.8333333333333334,0.10250869823619686
950,0.6693372177713037,0.8333333333333334,0.10250863482215558
951,0.670308327263899,0.8333333333333334,0.1025059356041461
952,0.6717649915027919,0.8333333333333334,0.10250506308413929
953,0.6720077688759407,0.8333333333333334,0.10250503354001236
954,0.6724933236222385,0.8333333333333334,0.10250467362237026
955,0.6729788783685361,0.8333333333333334,0.10250359023960912
956,0.6729788783685361,0.9166666666666666,0.10250296538963413
957,0.6734644331148337,0.9166666666666666,0.1025027154008031
958,0.6737072104879825,0.9166666666666666,0.1025021949799782
959,0.6741927652342802,0.9166666666666666,0.10250180852703376
960,0.6749210973537266,0.9166666666666666,0.10250079143560595
961,0.6754066521000243,0.9166666666666666,0.10250023828807514
962,0.6766205389657683,0.9166666666666666,0.10249896885266138
963,0.677106093712066,0.9166666666666666,0.10249828620998001
964,0.6780772032046614,0.9166666666666666,0.10249817617886656
965,0.678562757950959,0.9166666666666666,0.10249642530174334
966,0.6795338674435543,0.9166666666666666,0.10249571716094072
967,0.6805049769361495,0.9166666666666666,0.10249425470440872
968,0.6814760864287448,0.9166666666666666,0.10249339887308548
969,0.6824471959213402,0.9166666666666666,0.1024916818770019
970,0.6829327506676378,0.9166666666666666,0.10249133034771729
971,0.6839038601602331,0.9166666666666666,0.1024907423484028
972,0.6843894149065307,0.9166666666666666,0.10248984519485438
973,0.6848749696528283,0.9166666666666666,0.10248860918944878
974,0.6858460791454236,0.9166666666666666,0.10248833227533154
975,0.6865744112648701,0.9166666666666666,0.10248811439884647
976,0.6892449623695072,0.9166666666666666,0.10248442067122117
977,0.6897305171158048,0.9166666666666666,0.10248420295133623
978,0.6907016266084001,0.9166666666666666,0.10248245284341667
979,0.6911871813546977,0.9166666666666666,0.10248236638790964
980,0.6914299587278465,0.9166666666666666,0.10248192473259823
981,0.6924010682204419,0.9166666666666666,0.10248179301448043
982,0.6926438455935907,0.9166666666666666,0.10248169905672444
983,0.6931294003398883,0.9166666666666666,0.10248161325998133
984,0.6933721777130372,0.9166666666666666,0.10248131217651615
985,0.6943432872056324,0.9166666666666666,0.10248095926700539
986,0.6948288419519301,0.9166666666666666,0.10248068755244664
987,0.6955571740713765,0.9166666666666666,0.10248029864264518
988,0.6957999514445253,0.9166666666666666,0.10248020713923313
989,0.6965282835639718,0.9166666666666666,0.10248000217298105
990,0.6970138383102695,0.9166666666666666,0.10247969574180586
991,0.697742170429716,0.9166666666666666,0.10247901987198565
992,0.6982277251760136,0.9166666666666666,0.10247877070135797
993,0.6991988346686089,0.9166666666666666,0.10247758612392718
994,0.7006554989075018,0.9166666666666666,0.10247595108414913
995,0.7011410536537994,0.9166666666666666,0.10247574048071692
996,0.701869385773246,0.9166666666666666,0.10247562064316172
997,0.7023549405195436,0.9166666666666666,0.10247501117845503
998,0.7030832726389901,0.9166666666666666,0.10247490502256601
999,0.7033260500121389,0.9166666666666666,0.10247477331244037
1000,0.7040543821315853,0.9166666666666666,0.10247375983585481
1001,0.7047827142510318,0.9166666666666666,0.10247296452666149
1002,0.7055110463704782,0.9166666666666666,0.10247228219279716
1003,0.7069677106093712,0.9166666666666666,0.10246866791256491
1004,0.708667152221413,0.9166666666666666,0.102468472670517
1005,0.7096382617140082,0.9166666666666666,0.10246844120275664
1006,0.7101238164603059,0.9166666666666666,0.10246788577385496
1007,0.7108521485797523,0.9166666666666666,0.10246781498866683
1008,0.7115804806991989,0.9166666666666666,0.1024666485306692
1009,0.7120660354454965,0.9166666666666666,0.10246660949263867
1010,0.712794367564943,0.9166666666666666,0.10246613779106126
1011,0.714008254430687,0.9166666666666666,0.10246515905138769
1012,0.7142510318038359,0.9166666666666666,0.10246479270758076
1013,0.7147365865501335,0.9166666666666666,0.10246367639093863
1014,0.7152221412964311,0.9166666666666666,0.10246206422958902
1015,0.7159504734158776,0.9166666666666666,0.10246155912224235
1016,0.7174071376547706,0.9166666666666666,0.10246090522931033
1017,0.718135469774217,0.9166666666666666,0.10245951046877215
1018,0.7186210245205147,0.9166666666666666,0.10245949174887156
1019,0.7191065792668123,0.9166666666666666,0.1024589688831519
1020,0.7200776887594076,0.9166666666666666,0.10245820712462135
1021,0.721048798252003,0.9166666666666666,0.10245770406320164
1022,0.7225054624908959,0.9166666666666666,0.1024564819222804
1023,0.7227482398640447,0.9166666666666666,0.10245631672782075
1024,0.7232337946103423,0.9166666666666666,0.10245627654877208
1025,0.7234765719834911,0.9166666666666666,0.1024562623625166
1026,0.7244476814760864,0.9166666666666666,0.10245528487823194
1027,0.7254187909686817,0.9166666666666666,0.10245432157985453
1028,0.7261471230881282,0.9166666666666666,0.10245401349888499
1029,0.72784656470017,0.9166666666666666,0.1024514361237115
1030,0.7283321194464676,0.9166666666666666,0.10245076758870318
1031,0.7285748968196164,0.9166666666666666,0.10245049606127474
1032,0.7295460063122117,0.9166666666666666,0.10244884008821298
1033,0.7312454479242535,0.9166666666666666,0.10244602088045798
1034,0.7317310026705511,0.9166666666666666,0.1024456015070221
1035,0.7327021121631464,0.9166666666666666,0.10244465571137523
1036,0.733187666909444,0.9166666666666666,0.10244420783672054
1037,0.7336732216557417,0.9166666666666666,0.1024437808158499
1038,0.7346443311483369,0.9166666666666666,0.10244373799017578
1039,0.7351298858946346,0.9166666666666666,0.10244353367357419
1040,0.73610099538723,0.9166666666666666,0.10244248882200081
1041,0.7368293275066764,0.9166666666666666,0.10244235714878394
1042,0.7375576596261229,0.9166666666666666,0.10244127393141411
1043,0.7385287691187181,0.9166666666666666,0.10244041464424344
1044,0.7390143238650158,0.9166666666666666,0.10244005611615611
1045,0.7409565428502064,0.9166666666666666,0.10243983346624529
1046,0.7424132070890993,0.9166666666666666,0.10243958452286474
1047,0.7426559844622481,0.9166666666666666,0.10243826253503037
1048,0.7431415392085458,0.9166666666666666,0.10243719886459995
1049,0.7453265355668852,0.9166666666666666,0.10243453533909169
1050,0.7460548676863317,0.9166666666666666,0.10243339745302311
1051,0.7462976450594805,0.9166666666666666,0.102432818780948
1052,0.7467831998057781,0.9166666666666666,0.10243258000486986
1053,0.7470259771789269,0.9166666666666666,0.102432379340797
1054,0.7475115319252246,0.9166666666666666,0.1024314365860683
1055,0.748239864044671,0.9166666666666666,0.10242976671441942
1056,0.7487254187909687,0.9166666666666666,0.10242969452784999
1057,0.7489681961641175,0.9166666666666666,0.10242941803759908
1058,0.7496965282835639,0.9166666666666666,0.10242691655230687
1059,0.7504248604030105,0.9166666666666666,0.10242457937292834
1060,0.7509104151493081,0.9166666666666666,0.10242343940467091
1061,0.7511531925224569,0.9166666666666666,0.10242323076390279
1062,0.7518815246419034,0.9166666666666666,0.10242311636622414
1063,0.7530954115076475,0.9166666666666666,0.10242025673690484
1064,0.7540665210002427,0.9166666666666666,0.10241861926965025
1065,0.7547948531196892,0.9166666666666666,0.10241807600044152
1066,0.7552804078659869,0.9166666666666666,0.10241794102776325
1067,0.7562515173585822,0.9166666666666666,0.10241760612780648
1068,0.756494294731731,0.9166666666666666,0.10241759194629438
1069,0.756494294731731,1.0,0.10241744739149491
1070,0.7569798494780287,1.0,0.1024173098188123
1071,0.7579509589706239,1.0,0.10241674456516388
1072,0.7584365137169216,1.0,0.10241667819087734
1073,0.759164845836368,1.0,0.10241605913246594
1074,0.7594076232095168,1.0,0.10241539337430482
1075,0.7608642874484098,1.0,0.10241447743479992
1076,0.7611070648215587,1.0,0.102411890081433
1077,0.7620781743141539,1.0,0.10241107086471074
1078,0.7630492838067492,1.0,0.10241034744493936
1079,0.7637776159261956,1.0,0.10241014298023744
1080,0.7645059480456421,1.0,0.1024096555926514
1081,0.7649915027919398,1.0,0.10240952395682117
1082,0.7657198349113863,1.0,0.10240899021335374
1083,0.7662053896576839,1.0,0.10240841623040617
1084,0.7676620538965768,1.0,0.10240729102354743
1085,0.7679048312697256,1.0,0.1024071922095464
1086,0.7686331633891721,1.0,0.10240611926022206
1087,0.7691187181354697,1.0,0.10240598170101993
1088,0.7698470502549163,1.0,0.10240591397614726
1089,0.7703326050012139,1.0,0.10240582823561156
1090,0.7705753823743627,1.0,0.10240562440119871
1091,0.7713037144938092,1.0,0.10240452367558898
1092,0.7717892692401068,1.0,0.10240416163435295
1093,0.7722748239864045,1.0,0.10240312762605273
1094,0.7737314882252974,1.0,0.10240267818999264
1095,0.7739742655984462,1.0,0.10240220363140723
1096,0.7747025977178927,1.0,0.10240167374634108
1097,0.7749453750910416,1.0,0.10240166061838434
1098,0.775673707210488,1.0,0.10240110806575303
1099,0.7766448167030833,1.0,0.10239876545326446
1100,0.7773731488225297,1.0,0.1023985348226961
1101,0.7785870356882738,1.0,0.10239833848174196
1102,0.7810148094197621,1.0,0.1023941562036689
1103,0.7815003641660597,1.0,0.10239360304344786
1104,0.7819859189123574,1.0,0.10239223125524712
1105,0.782471473658655,1.0,0.10239213225359223
1106,0.7841709152706968,1.0,0.10238670579208581
1107,0.7846564700169945,1.0,0.1023866781413583
1108,0.7848992473901433,1.0,0.10238649726177619
1109,0.7853848021364409,1.0,0.10238629201254904
1110,0.7863559116290362,1.0,0.10238573946550922
1111,0.7870842437484826,1.0,0.102385120462091
1112,0.7880553532410779,1.0,0.10238503473697909
1113,0.7885409079873755,1.0,0.10238498292787848
1114,0.7887836853605243,1.0,0.10238482949034935
1115,0.7895120174799709,1.0,0.1023847799637484
1116,0.790725904345715,1.0,0.10238302167493624
1117,0.7916970138383103,1.0,0.1023824641119418
1118,0.7929109007040543,1.0,0.10237966421123333
1119,0.7943675649429474,1.0,0.10237891411174471
1120,0.7955814518086914,1.0,0.10237827731206232
1121,0.7963097839281379,1.0,0.10237824655637459
1122,0.7965525613012867,1.0,0.10237810178565414
1123,0.7970381160475843,1.0,0.10237745168291348
1124,0.7972808934207332,1.0,0.10237723401525797
1125,0.7984947802864772,1.0,0.10237683763167482
1126,0.798980335032775,1.0,0.10237486814788428
1127,0.7994658897790726,1.0,0.10237435501751765
1128,0.7999514445253703,1.0,0.10237388468679282
1129,0.8004369992716679,1.0,0.10237251262952661
1130,0.8011653313911143,1.0,0.10237238103599418
1131,0.801650886137412,1.0,0.10237177513516423
1132,0.8021364408837096,1.0,0.10237105028170851
1133,0.8028647730031561,1.0,0.10237091868984147
1134,0.8033503277494537,1.0,0.10237073154127946
1135,0.8048069919883467,1.0,0.10236947330766405
1136,0.8050497693614955,1.0,0.10236906618649066
1137,0.8055353241077932,1.0,0.10236882342739172
1138,0.8060208788540908,1.0,0.10236817143803213
1139,0.8067492109735372,1.0,0.10236807783337087
1140,0.8069919883466861,1.0,0.10236726249872014
1141,0.8074775430929837,1.0,0.10236726039572658
1142,0.8082058752124301,1.0,0.10236550202835146
1143,0.8086914299587279,1.0,0.10236467537552767
1144,0.8089342073318767,1.0,0.10236438445526343
1145,0.8096625394513232,1.0,0.1023640397692566
1146,0.809905316824472,1.0,0.10236399025156541
1147,0.8108764263170672,1.0,0.10236355129175866
1148,0.8123330905559601,1.0,0.10236024974697643
1149,0.8130614226754066,1.0,0.10235745801955057
1150,0.814032532168002,1.0,0.10235701908456134
1151,0.8154891964068949,1.0,0.10235495357995647
1152,0.8157319737800437,1.0,0.10235337166399157
1153,0.8162175285263413,1.0,0.10235216602765149
1154,0.8164603058994901,1.0,0.10235194647406264
1155,0.8169458606457878,1.0,0.10235065438792204
1156,0.8184025248846808,1.0,0.10235062131035691
1157,0.8191308570041272,1.0,0.10235014696550729
1158,0.8203447438698713,1.0,0.10234762741149503
1159,0.820830298616169,1.0,0.10234734886435164
1160,0.8215586307356154,1.0,0.10234667619997227
1161,0.8239864044671037,1.0,0.10234633634713701
1162,0.8259286234522942,1.0,0.10234588683500297
1163,0.8278708424374849,1.0,0.10234155025119901
1164,0.8298130614226754,1.0,0.1023411136861351
1165,0.8312697256615683,1.0,0.10234098971618842
1166,0.831755280407866,1.0,0.10233980511324457
1167,0.8324836125273124,1.0,0.10233965173570117
1168,0.8329691672736101,1.0,0.10233845847202508
1169,0.833211944646759,1.0,0.10233791868817897
1170,0.8341830541393542,1.0,0.10233763408581033
1171,0.8349113862588007,1.0,0.10233715211562772
1172,0.8353969410050983,1.0,0.1023362249498199
1173,0.8363680504976936,1.0,0.1023360276025071
1174,0.83709638261714,1.0,0.10233465140411818
1175,0.838553046856033,1.0,0.10233456571644546
1176,0.8390386016023307,1.0,0.1023326519388146
1177,0.8395241563486283,1.0,0.10233259003720432
1178,0.8397669337217771,1.0,0.10233239368334365
1179,0.8402524884680748,1.0,0.10233171370180764
1180,0.8404952658412236,1.0,0.10233104180546973
1181,0.8409808205875212,1.0,0.1023306231323959
1182,0.8417091527069677,1.0,0.1023283047234653
1183,0.8421947074532653,1.0,0.10232800357447103
1184,0.8434085943190095,1.0,0.10232580722960305
1185,0.8438941490653071,1.0,0.10232564128781026
1186,0.8446224811847536,1.0,0.10232540019261285
1187,0.8455935906773488,1.0,0.10232040622476386
1188,0.8460791454236465,1.0,0.10232033182987534
1189,0.8465647001699441,1.0,0.10231934927407281
1190,0.8475358096625395,1.0,0.10231817309702891
1191,0.8477785870356883,1.0,0.10231573391750844
1192,0.8485069191551348,1.0,0.1023152215706091
1193,0.84947802864773,1.0,0.10231504153865636
1194,0.8499635833940277,1.0,0.1023144685114446
1195,0.8502063607671765,1.0,0.10231417438043666
1196,0.8506919155134741,1.0,0.10231353042215072
1197,0.8516630250060694,1.0,0.10231245010818553
1198,0.852391357125516,1.0,0.10230955347525937
1199,0.8538480213644088,1.0,0.10230820620813218
1200,0.8545763534838553,1.0,0.10230818100277332
1201,0.8548191308570041,1.0,0.10230809192428221
1202,0.8570041272153436,1.0,0.10230700104316845
1203,0.8574896819616412,1.0,0.10230586628339554
1204,0.8594319009468318,1.0,0.10230498277043477
1205,0.860403010439427,1.0,0.10230214911872826
1206,0.8611313425588735,1.0,0.10230162933979303
1207,0.8623452294246177,1.0,0.10229991244485756
1208,0.8628307841709153,1.0,0.10229859261708657
1209,0.8633163389172129,1.0,0.1022981702474211
1210,0.8638018936635106,1.0,0.10229815596061136
1211,0.864530225782957,1.0,0.10229617578075184
1212,0.8657441126487011,1.0,0.10229602165655555
1213,0.8662296673949987,1.0,0.10229559532780401
1214,0.8667152221412965,1.0,0.1022932669228491
1215,0.8679291090070406,1.0,0.10229232900579488
1216,0.8693857732459335,1.0,0.10228916734391998
1217,0.8703568827385287,1.0,0.10228719999872685
1218,0.8705996601116776,1.0,0.10228642454780247
1219,0.8718135469774217,1.0,0.1022841093328743
1220,0.8720563243505706,1.0,0.10228314906850274
1221,0.8735129885894635,1.0,0.1022820250811709
1222,0.8737557659626123,1.0,0.10228131608808905
1223,0.8742413207089099,1.0,0.10228064952625333
1224,0.8744840980820587,1.0,0.10228062660096233
1225,0.8756979849478028,1.0,0.1022805638786458
1226,0.8764263170672494,1.0,0.10227968878660125
1227,0.8766690944403982,1.0,0.10227966049860668
1228,0.8776402039329935,1.0,0.10227843421245475
1229,0.8778829813061423,1.0,0.10227772626109738
1230,0.8783685360524399,1.0,0.10227635867213411
1231,0.8793396455450352,1.0,0.1022753640777556
1232,0.8803107550376305,1.0,0.10227495721855952
1233,0.8817674192765235,1.0,0.1022737713106814
1234,0.8824957513959699,1.0,0.10227361910805716
1235,0.8829813061422676,1.0,0.10227319097037849
1236,0.8844379703811605,1.0,0.10227316132125056
1237,0.8849235251274581,1.0,0.1022726813506281
1238,0.8856518572469045,1.0,0.10227100084312536
1239,0.8858946346200534,1.0,0.10227052571434592
1240,0.8863801893663511,1.0,0.10227006310696851
1241,0.8866229667394999,1.0,0.10226987512568632
1242,0.894634620053411,1.0,0.10226935143832375
1243,0.8948773974265598,1.0,0.10226712995040999
1244,0.8953629521728574,1.0,0.10226677223794275
1245,0.8956057295460063,1.0,0.10226676423394437
1246,0.8963340616654528,1.0,0.10226615428154484
1247,0.8965768390386016,1.0,0.10226545510416014
1248,0.8985190580237922,1.0,0.10226353618594762
1249,0.8990046127700898,1.0,0.10226147235286653
1250,0.9002184996358339,1.0,0.1022610488300504
1251,0.9007040543821316,1.0,0.10225983701019967
1252,0.9026462733673222,1.0,0.1022595384201374
1253,0.9036173828599174,1.0,0.1022569026596282
1254,0.9043457149793639,1.0,0.10225649796648494
1255,0.9048312697256615,1.0,0.10225581655124462
1256,0.9053168244719592,1.0,0.10225494591766177
1257,0.9060451565914057,1.0,0.10225301209429999
1258,0.9065307113377034,1.0,0.10225229363672807
1259,0.907016266084001,1.0,0.10224952368470873
1260,0.9075018208302986,1.0,0.10224872306587428
1261,0.9082301529497451,1.0,0.10224858612304939
1262,0.9140568099053168,1.0,0.10224837749030796
1263,0.9147851420247632,1.0,0.1022456535123064
1264,0.915270696771061,1.0,0.10224528786389532
1265,0.9157562515173586,1.0,0.10224305659608657
1266,0.9174556931294003,1.0,0.10224206041659409
1267,0.9181840252488468,1.0,0.10224203784177344
1268,0.9189123573682932,1.0,0.10223987273349511
1269,0.9196406894877397,1.0,0.1022391887600333
1270,0.9203690216071863,1.0,0.10223767112064368
1271,0.9213401310997815,1.0,0.10223749571039177
1272,0.922068463219228,1.0,0.10223699715859184
1273,0.9230395727118232,1.0,0.10223551250564936
1274,0.9240106822044185,1.0,0.10223434221842924
1275,0.924739014323865,1.0,0.10223379659396309
1276,0.9254673464433115,1.0,0.10223218378282896
1277,0.926195678562758,1.0,0.10223172616037007
1278,0.9266812333090556,1.0,0.10223124636205964
1279,0.9269240106822044,1.0,0.10223114603147833
1280,0.9278951201747997,1.0,0.10222856200631443
1281,0.9283806749210973,1.0,0.10222802800425564
1282,0.928866229667395,1.0,0.10222795659985325
1283,0.9298373391599903,1.0,0.10222572566719275
1284,0.9305656712794368,1.0,0.10222568671331017
1285,0.9308084486525856,1.0,0.10222555851721242
1286,0.9315367807720321,1.0,0.10222472163624974
1287,0.9317795581451809,1.0,0.10222338105165497
1288,0.9332362223840738,1.0,0.10222098325414537
1289,0.9334789997572226,1.0,0.10221949999866518
1290,0.9339645545035202,1.0,0.10221817561033888
1291,0.934207331876669,1.0,0.10221771752155948
1292,0.9351784413692644,1.0,0.10221591947445031
1293,0.9366351056081573,1.0,0.1022150824454254
1294,0.9376062151007526,1.0,0.10221445910878282
1295,0.9385773245933479,1.0,0.10221337463280922
1296,0.9390628793396455,1.0,0.10221071384798205
1297,0.9402767662053897,1.0,0.10221028594365553
1298,0.9410050983248361,1.0,0.10221025631068756
1299,0.941247875697985,1.0,0.10221014450444234
1300,0.9538722991017237,1.0,0.10220977660166858
1301,0.9543578538480214,1.0,0.10220905574998318
1302,0.954843408594319,1.0,0.10220823021668793
1303,0.9555717407137655,1.0,0.10220819126871314
1304,0.956300072833212,1.0,0.1022045069368151
1305,0.957513959698956,1.0,0.10220325309013426
1306,0.9584850691915513,1.0,0.10220322401488019
1307,0.958970623937849,1.0,0.10220129850701262
1308,0.9594561786841467,1.0,0.10220120755633998
1309,0.9609128429230396,1.0,0.10220102263521016
1310,0.9611556202961884,1.0,0.10219889846218992
1311,0.9618839524156348,1.0,0.10219624870149555
1312,0.9621267297887837,1.0,0.10218972595509887
1313,0.9626122845350813,1.0,0.10218860287752923
1314,0.9633406166545277,1.0,0.1021872284359977
1315,0.9635833940276766,1.0,0.10218718179858112
1316,0.9640689487739743,1.0,0.10218714285771421
1317,0.9647972808934208,1.0,0.10218414044700515
1318,0.9655256130128672,1.0,0.102183530931309
1319,0.9660111677591648,1.0,0.10218325587704015
1320,0.9664967225054625,1.0,0.10218016799443157
1321,0.9674678319980577,1.0,0.10217939348096526
1322,0.9677106093712066,1.0,0.10217698586731161
1323,0.9691672736100996,1.0,0.10217478545453153
1324,0.9694100509832484,1.0,0.10217140494355946
1325,0.9703811604758437,1.0,0.10216900822647992
1326,0.9711094925952901,1.0,0.10216826392214884
1327,0.9715950473415877,1.0,0.10216764360518567
1328,0.9718378247147366,1.0,0.10216614740045259
1329,0.9732944889536295,1.0,0.10216568130553594
1330,0.9737800436999272,1.0,0.1021646876649617
1331,0.974022821073076,1.0,0.10216455614067954
1332,0.9745083758193737,1.0,0.10216309642533729
1333,0.9747511531925225,1.0,0.1021603954349222
1334,0.9752367079388201,1.0,0.10215988914758098
1335,0.9754794853119689,1.0,0.10215979822956597
1336,0.976693372177713,1.0,0.10215961337483583
1337,0.9774217042971595,1.0,0.10215591753051513
1338,0.9779072590434571,1.0,0.10215077970465386
1339,0.9783928137897548,1.0,0.10214928359899182
1340,0.9788783685360525,1.0,0.10214472619962332
1341,0.9793639232823501,1.0,0.10214467677595068
1342,0.9805778101480942,1.0,0.10213815694669921
1343,0.9815489196406895,1.0,0.10213179974288378
1344,0.9822772517601359,1.0,0.10212906972797875
1345,0.9825200291332847,1.0,0.10212813019384151
1346,0.9834911386258801,1.0,0.10212761046198875
1347,0.9837339159990289,1.0,0.10212719361865649
1348,0.984947802864773,1.0,0.1021225507816082
1349,0.9854333576110706,1.0,0.1021210915981697
1350,0.9868900218499636,1.0,0.10211222432710201
1351,0.9888322408351542,1.0,0.10210110125246376
1352,0.9941733430444283,1.0,0.10209956933115569
1353,0.9953872299101724,1.0,0.10209055551859651
1354,0.99587278465647,1.0,0.10208605435879262
1355,0.9968438941490653,1.0,0.10205824707525547
1356,0.9973294488953629,1.0,0.1020559688551806
1357,0.9983005583879583,1.0,0.10204695845439954
1358,0.9990288905074047,1.0,0.10203849915566196
1359,0.9995144452537024,1.0,0.10201748171953753
1360,1.0,1.0,0.1019960517518976
